Argentina	22.64706
Australia	54.43383
Belarus	32.80737
Brazil	6.52759
China	62.69384
Colombia	4.12783
Germany	42.03041
Ghana	4.96134
India	32.95383
Japan	35.93942
Malaysia	8.53846
Mexico	12.4062
Netherlands	66.1757
New Zealand	56.22733
Pakistan	23.54949
Philippines	2.83333
Russia	27.73516
South Africa	23.50609
United States	38.17277
Zimbabwe	7.2
